"Z.um","Gen.O.K.L2.","Emit.O.K.L2.","Gen.O.K.L3.","Emit.O.K.L3.","Gen.Zn.K.L2.","Emit.Zn.K.L2.","Gen.Zn.K.L3.","Emit.Zn.K.L3.","Gen.Zn.K.M2.","Emit.Zn.K.M2.","Gen.Zn.K.M3.","Emit.Zn.K.M3.","Gen.Zn.L1.M2.","Emit.Zn.L1.M2.","Gen.Zn.L1.M3.","Emit.Zn.L1.M3.","Gen.Zn.L1.M5.","Emit.Zn.L1.M5.","Gen.Zn.L2.M1.","Emit.Zn.L2.M1.","Gen.Zn.L2.M3.","Emit.Zn.L2.M3.","Gen.Zn.L2.M4.","Emit.Zn.L2.M4.","Gen.Zn.L2.N1.","Emit.Zn.L2.N1.","Gen.Zn.L3.M1.","Emit.Zn.L3.M1.","Gen.Zn.L3.M2.","Emit.Zn.L3.M2.","Gen.Zn.L3.M3.","Emit.Zn.L3.M3.","Gen.Zn.L3.M4.","Emit.Zn.L3.M4.","Gen.Zn.L3.M5.","Emit.Zn.L3.M5.","Gen_I.O.K.L2.","Emit_I.O.K.L2.","Gen_I.O.K.L3.","Emit_I.O.K.L3.","Gen_I.Zn.K.L2.","Emit_I.Zn.K.L2.","Gen_I.Zn.K.L3.","Emit_I.Zn.K.L3.","Gen_I.Zn.K.M2.","Emit_I.Zn.K.M2.","Gen_I.Zn.K.M3.","Emit_I.Zn.K.M3.","Gen_I.Zn.L1.M2.","Emit_I.Zn.L1.M2.","Gen_I.Zn.L1.M3.","Emit_I.Zn.L1.M3.","Gen_I.Zn.L1.M5.","Emit_I.Zn.L1.M5.","Gen_I.Zn.L2.M1.","Emit_I.Zn.L2.M1.","Gen_I.Zn.L2.M3.","Emit_I.Zn.L2.M3.","Gen_I.Zn.L2.M4.","Emit_I.Zn.L2.M4.","Gen_I.Zn.L2.N1.","Emit_I.Zn.L2.N1.","Gen_I.Zn.L3.M1.","Emit_I.Zn.L3.M1.","Gen_I.Zn.L3.M2.","Emit_I.Zn.L3.M2.","Gen_I.Zn.L3.M3.","Emit_I.Zn.L3.M3.","Gen_I.Zn.L3.M4.","Emit_I.Zn.L3.M4.","Gen_I.Zn.L3.M5.","Emit_I.Zn.L3.M5."
0.00499999999919964,1.515,1.47,1.515,1.47,1.034,1.034,1.034,1.034,1.034,1.034,1.034,1.034,1.463,1.394,1.463,1.394,1.463,1.405,11.108,10.936,11.112,10.959,289.751,277.81,11.109,10.656,311.055,305.921,9.887,9.743,9.874,9.73,311.056,307.32,311.055,307.318,170218.587,165252.493,339090.723,329197.818,50861.996,50850.455,99036.213,99013.907,6289.569,6288.515,12296.616,12294.556,18126.004,17275.768,28835.173,27482.602,96.198,92.433,24413.654,24034.117,811.034,799.887,264429.619,253532.431,5850.664,5612.184,49402.474,48587.055,877.511,864.741,848.2,835.857,47770.529,47196.707,506264.971,500183.693
0.0195000000003347,2.062,1.878,2.062,1.878,1.303,1.302,1.303,1.302,1.303,1.302,1.303,1.302,1.968,1.691,1.968,1.691,1.968,1.735,14.972,14.25,14.977,14.337,390.437,341.798,14.972,13.127,419.297,397.853,13.33,12.728,13.312,12.711,419.299,403.623,419.297,403.621,231741.986,211087.911,461650.861,420506.09,64077.929,64031.719,124769.69,124680.377,7923.845,7919.625,15491.758,15483.507,24393.964,20954.234,38806.357,33334.373,129.464,114.113,32904.893,31318.356,1093.117,1046.44,356317.079,311928.893,7885.566,6913.516,66593.73,63188.005,1183.13,1129.68,1143.61,1091.945,64393.894,61986.505,682436.936,656923.775
0.0344999999997526,2.245,1.907,2.245,1.907,1.354,1.352,1.354,1.352,1.354,1.353,1.354,1.353,2.125,1.629,2.125,1.629,2.125,1.704,16.183,14.844,16.188,15,421.961,334.355,16.183,12.857,453.275,413.539,14.412,13.293,14.393,13.276,453.277,424.08,453.274,424.077,252321.695,214335.397,502647.492,426975.373,66607.879,66523.923,129695.896,129533.628,8236.698,8229.03,16103.409,16088.418,26332.31,20183.673,41889.913,32108.551,139.751,112.068,35566.207,32623.48,1181.527,1094.772,385086.433,305135.561,8523.343,6771.396,71990.132,65679.196,1279.159,1179.88,1236.431,1140.468,69612.034,65128.099,737738.001,690217.924
0.0489999999999782,2.438,1.932,2.438,1.932,1.403,1.4,1.403,1.4,1.403,1.401,1.403,1.401,2.302,1.575,2.302,1.575,2.302,1.68,17.534,15.503,17.54,15.733,457.131,328.026,17.534,12.629,491.106,430.894,15.617,13.918,15.596,13.899,491.108,446.638,491.105,446.635,274052.763,217173.018,545937.733,432628.169,69015.522,68891.513,134383.95,134144.271,8534.426,8523.099,16685.491,16663.347,28525.453,19521.49,45378.805,31055.137,151.39,110.502,38535.949,34071.748,1280.183,1148.303,417182.237,299360.407,9235.033,6651.58,77998.598,68435.541,1386.103,1235.309,1339.802,1194.046,75422.018,68592.505,799311.352,726933.186
0.0635000000002037,2.55,1.885,2.55,1.885,1.432,1.429,1.432,1.429,1.432,1.43,1.432,1.43,2.406,1.469,2.406,1.469,2.406,1.598,18.325,15.614,18.331,15.915,477.715,310.262,18.325,11.96,513.238,432.97,16.321,14.051,16.3,14.033,513.241,453.653,513.238,453.65,286637.284,211812.298,571007.23,421949.133,70461.01,70296.416,137198.541,136880.421,8713.174,8698.139,17034.959,17005.565,29817.521,18207.62,47434.25,28965.011,158.247,105.082,40274.053,34316.155,1337.924,1161.555,435967.661,283148.375,9651.565,6298.863,81513.709,68765.238,1448.666,1247.183,1400.276,1205.523,78821.012,69669.827,835333.386,738350.487
0.0784999999996217,2.698,1.86,2.698,1.86,1.446,1.442,1.446,1.442,1.446,1.443,1.446,1.443,2.534,1.381,2.534,1.381,2.534,1.531,19.31,15.859,19.317,16.234,503.34,295.978,19.311,11.423,540.843,438.744,17.201,14.307,17.179,14.289,540.846,464.668,540.842,464.665,303233.898,208998.118,604069.175,416343.032,71128.657,70924.28,138498.553,138103.541,8795.735,8777.065,17196.372,17159.871,31406.358,17118.669,49961.8,27232.687,166.68,100.726,42439.767,34853.512,1409.87,1184.842,459353.67,270113.133,10170.572,6016.36,85897.956,69682.411,1526.763,1269.893,1475.764,1227.474,83060.431,71361.465,880262.119,756278.21
0.0934999999999491,2.82,1.812,2.82,1.812,1.445,1.44,1.445,1.44,1.445,1.441,1.445,1.441,2.632,1.28,2.632,1.28,2.632,1.447,20.075,15.888,20.082,16.334,523.224,278.446,20.076,10.76,562.318,438.584,17.886,14.371,17.863,14.352,562.321,469.536,562.317,469.533,316909.481,203672.978,631312.165,405734.875,71068.714,70826.229,138381.834,137913.167,8788.322,8766.169,17181.88,17138.569,32618.721,15862.565,51890.449,25234.454,173.114,95.164,44121.244,34918.352,1465.73,1192.198,477500.009,254113.262,10573.533,5666.974,89308.666,69656.918,1587.553,1275.539,1534.522,1232.931,86358.473,72108.982,915214.277,764200.283
0.108000000000175,2.912,1.746,2.912,1.746,1.438,1.433,1.438,1.433,1.438,1.434,1.438,1.434,2.709,1.176,2.709,1.176,2.709,1.355,20.669,15.766,20.676,16.279,538.645,259.542,20.669,10.041,578.961,434.237,18.417,14.296,18.393,14.278,578.963,469.9,578.96,469.898,327287.237,196201.71,651985.588,390851.439,70756.071,70476.7,137773.07,137233.109,8749.661,8724.136,17106.294,17056.392,33570.025,14572.484,53403.8,23182.17,178.163,89.13,45425.764,34650.738,1509.067,1188.172,491573.329,236860.507,10886.158,5288.606,91951.895,68966.483,1634.679,1268.924,1580.074,1226.537,88914.386,72165.007,942301.463,764794.032
0.122499999999491,2.959,1.654,2.959,1.654,1.417,1.41,1.417,1.411,1.417,1.412,1.417,1.412,2.755,1.067,2.755,1.067,2.755,1.254,21.014,15.449,21.021,16.02,547.586,238.854,21.014,9.252,588.56,424.468,18.724,14.041,18.699,14.023,588.563,464.297,588.56,464.295,332533.293,185922.37,662436.204,370374.07,69696.129,69383.452,135709.198,135104.864,8618.589,8590.02,16850.038,16794.182,34146.285,13228.665,54320.525,21044.398,181.221,82.492,46183.616,33952.723,1534.243,1169.275,499732.84,217980.691,11067.775,4872.914,93476.519,67415.072,1661.912,1246.3,1606.397,1204.668,90388.647,71304.538,957925.459,755674.904
0.137500000000728,3.041,1.586,3.041,1.586,1.409,1.402,1.409,1.402,1.409,1.404,1.409,1.404,2.828,0.978,2.828,0.978,2.828,1.171,21.572,15.285,21.579,15.919,562.087,221.958,21.573,8.608,604.192,418.997,19.223,13.927,19.198,13.908,604.195,463.268,604.191,463.265,341801.051,178232.92,680898.41,355055.994,69330.493,68982.332,134997.248,134324.331,8573.375,8541.561,16761.64,16699.442,35047.572,12118.178,55754.309,19277.816,186.004,77.044,47410.43,33592.427,1574.998,1161.873,512966.527,202561.233,11361.778,4533.645,95959.2,66546.124,1706.179,1236.103,1649.186,1194.812,92789.316,71146.46,983367.391,753999.62
0.152500000000146,3.128,1.521,3.128,1.521,1.371,1.364,1.371,1.364,1.371,1.366,1.371,1.366,2.897,0.894,2.897,0.894,2.897,1.092,22.112,15.1,22.119,15.795,576.079,205.947,22.112,7.997,619.314,412.987,19.706,13.793,19.68,13.775,619.317,461.558,619.313,461.555,351497.042,170948.351,700213.697,340544.479,67465.936,67090.928,131366.664,130641.856,8342.804,8308.535,16310.857,16243.857,35908.474,11081.765,57123.847,17629.071,190.573,71.83,48596.76,33186.636,1614.409,1152.801,525735.479,187949.516,11646.078,4211.854,98360.878,65591.576,1749.09,1224.234,1690.663,1183.34,95111.657,70883.776,1007979.216,751215.736
0.166999999999462,3.165,1.435,3.165,1.435,1.334,1.326,1.334,1.326,1.334,1.328,1.334,1.328,2.918,0.804,2.918,0.804,2.918,1.001,22.283,14.665,22.29,15.406,580.486,187.821,22.283,7.302,624.144,400.175,19.861,13.429,19.835,13.411,624.147,452.086,624.144,452.084,355738.712,161327.343,708663.483,321378.565,65603.842,65204.016,127740.879,126968.101,8112.539,8075.999,15860.669,15789.23,36163.26,9957.879,57529.165,15841.173,191.925,65.81,48972.685,32229.289,1626.897,1124.402,529758.137,171407.827,11736.168,3845.791,99128.045,63556.684,1762.87,1191.929,1703.983,1152.114,95853.482,69429.191,1015840.969,735800.254
0.181500000000597,3.17,1.341,3.17,1.341,1.276,1.268,1.276,1.268,1.276,1.27,1.276,1.27,2.915,0.716,2.915,0.716,2.915,0.91,22.265,14.123,22.272,14.901,579.954,169.918,22.265,6.614,623.635,384.52,19.847,12.965,19.821,12.948,623.638,439.086,623.634,439.083,356258.497,150718.325,709698.943,300244.449,62792.766,62376.417,122267.277,121462.563,7764.923,7726.87,15181.051,15106.655,36121.331,8879.36,57462.464,14125.446,191.703,59.826,48932.489,31039.475,1625.562,1087.566,529272.162,155069.176,11726.535,3483.433,99047.19,61070.414,1761.591,1150.769,1702.747,1112.328,95775.297,67432.687,1015012.382,714641.602
0.196500000000015,3.202,1.263,3.202,1.263,1.24,1.231,1.24,1.231,1.24,1.234,1.24,1.234,2.942,0.645,2.942,0.645,2.942,0.835,22.469,13.735,22.477,14.554,585.243,155.156,22.47,6.047,629.345,373.061,20.03,12.639,20.004,12.623,629.348,430.628,629.344,430.626,359893.957,141954.406,716941.106,282785.935,61012.08,60574.781,118800.004,117954.796,7544.724,7504.754,14750.545,14672.4,36457.261,7994.323,57996.867,12717.512,193.486,54.92,49382.79,30185.543,1640.521,1062.243,534099.038,141596.984,11834.448,3184.633,99954.073,59250.429,1777.857,1121.825,1718.469,1084.351,96652.223,66133.768,1024305.905,700875.852
0.210999999999331,3.22,1.184,3.22,1.184,1.159,1.15,1.159,1.15,1.159,1.153,1.159,1.153,2.935,0.574,2.935,0.574,2.935,0.758,22.448,13.224,22.455,14.074,584.593,140.299,22.448,5.474,628.812,358.415,20.016,12.201,19.99,12.185,628.815,418.197,628.811,418.194,361890.378,133120.939,720918.155,265188.874,57027.304,56588.001,111041.026,110191.943,7051.968,7011.812,13787.168,13708.659,36375.567,7118.646,57866.907,11324.47,193.052,49.86,49334.649,29063.588,1638.922,1027.188,533505.545,128038.025,11822.912,2883.3,99869.404,56924.259,1776.578,1082.982,1717.233,1046.806,96570.351,64224.636,1023438.241,680643.161
0.225500000000466,3.2,1.098,3.2,1.098,1.101,1.092,1.101,1.092,1.101,1.094,1.101,1.094,2.922,0.51,2.922,0.51,2.922,0.687,22.336,12.683,22.344,13.556,581.646,126.382,22.337,4.937,625.627,342.908,19.916,11.729,19.89,11.714,625.63,404.425,625.626,404.423,359691.755,123412.963,716538.301,245849.713,54142.859,53696.891,105424.563,104562.596,6695.279,6654.511,13089.812,13010.107,36215.558,6325.958,57612.361,10063.447,192.203,45.173,49090.422,27873.334,1630.808,989.379,530816.197,115337.179,11764.383,2600.428,99363.5,54461.402,1767.729,1041.074,1708.679,1006.297,96081.159,62109.673,1018253.855,658229.097
0.240499999999884,3.228,1.033,3.228,1.033,1.051,1.041,1.051,1.041,1.051,1.044,1.051,1.044,2.933,0.457,2.933,0.457,2.933,0.627,22.431,12.276,22.439,13.177,584.057,114.9,22.432,4.494,628.316,331.163,20.004,11.382,19.977,11.367,628.319,394.792,628.315,394.79,362767.008,116097.119,722664.481,231275.895,51679.169,51225.926,100627.375,99751.347,6390.621,6349.184,12494.18,12413.168,36348.072,5667.326,57823.167,9015.684,192.906,41.26,49298.55,26979.031,1637.723,961.774,533016.719,104858.718,11814.26,2367.042,99790.636,52596.14,1775.484,1010.22,1716.175,976.474,96494.185,60630.209,1022631.044,642549.953
0.255499999999302,3.163,0.944,3.163,0.944,0.971,0.962,0.971,0.962,0.971,0.964,0.971,0.964,2.875,0.4,2.875,0.4,2.875,0.559,21.989,11.597,21.996,12.503,572.486,101.926,21.989,3.992,615.897,312.106,19.61,10.778,19.584,10.764,615.9,376.108,615.896,376.106,355530.982,106093.916,708249.667,211348.616,47766.13,47321.526,93008.08,92148.747,5906.736,5866.087,11548.146,11468.674,35630.014,4956.513,56680.869,7884.911,189.095,36.792,48326.813,25486.691,1605.441,912.516,522456.593,93019.169,11581.386,2102.355,97818.159,49569.464,1740.556,956.661,1682.414,924.704,94586.866,57760.874,1002417.558,612141.165
0.270000000000437,3.139,0.874,3.139,0.874,0.911,0.902,0.911,0.902,0.911,0.904,0.911,0.904,2.839,0.353,2.839,0.353,2.839,0.503,21.726,11.043,21.734,11.958,565.596,91.171,21.727,3.575,608.571,296.554,19.378,10.29,19.353,10.277,608.573,361.227,608.57,361.224,352752.291,98182.377,702714.265,195588.118,44809.253,44368.287,87250.581,86398.277,5541.09,5500.771,10833.279,10754.451,35184.773,4368.841,55972.57,6950.031,186.732,33.062,47749.337,24271.052,1586.257,872.748,516169.29,83203.556,11442.996,1882.773,96654.605,47099.369,1719.991,913.326,1662.535,882.816,93461.748,55475.418,990493.73,587920.243
0.284499999999753,3.068,0.796,3.068,0.796,0.844,0.835,0.844,0.835,0.844,0.837,0.844,0.837,2.773,0.307,2.773,0.307,2.773,0.447,21.217,10.392,21.224,11.301,552.282,80.558,21.217,3.162,594.265,278.407,18.924,9.707,18.899,9.694,594.268,342.805,594.265,342.803,344830.686,89488.26,686933.715,178268.657,41500.97,41070.326,80808.841,79976.485,5131.99,5092.611,10033.454,9956.466,34363.081,3806.197,54665.408,6054.967,182.372,29.37,46629.145,22839.634,1549.044,824.846,504018.157,73517.79,11174.545,1665.607,94382.595,44217.215,1679.69,861.546,1623.58,832.766,91264.791,52646.291,967210.704,557937.58
0.29950000000008,3.012,0.729,3.012,0.729,0.78,0.771,0.78,0.771,0.78,0.773,0.78,0.773,2.714,0.268,2.714,0.268,2.714,0.398,20.775,9.808,20.781,10.713,540.729,71.429,20.775,2.807,581.902,262.176,18.532,9.184,18.508,9.172,581.905,326.297,581.901,326.295,338523.121,81955.129,674368.479,163261.981,38353.581,37935.266,74680.385,73871.857,4742.785,4704.531,9272.528,9197.738,33630.356,3325.984,53499.775,5291.035,178.483,26.164,45657.651,21556.823,1516.77,781.873,493474.85,65186.472,10941.729,1478.627,92419.002,41639.425,1644.877,815.179,1589.93,787.948,89366.063,50111.149,947088.262,531070.514
0.314500000000407,2.935,0.663,2.935,0.663,0.712,0.704,0.712,0.704,0.712,0.706,0.712,0.706,2.632,0.232,2.632,0.232,2.632,0.351,20.164,9.175,20.171,10.064,524.792,62.751,20.164,2.469,564.836,244.698,17.99,8.613,17.966,8.602,564.839,307.841,564.836,307.839,329855.037,74473.094,657100.877,148357.096,35044.668,34643.744,68237.416,67462.502,4333.606,4296.94,8472.551,8400.866,32617.53,2878.696,51888.554,4579.481,173.108,23.088,44315.786,20164.813,1472.193,734.552,478931.298,57267.526,10620.155,1300.567,89708.632,38863.508,1596.764,764.47,1543.424,738.932,86745.226,47276.659,919313.026,501031.009
0.328999999999724,2.905,0.612,2.905,0.612,0.651,0.643,0.651,0.643,0.651,0.645,0.651,0.645,2.599,0.205,2.599,0.205,2.599,0.315,19.918,8.735,19.925,9.622,518.349,56.1,19.919,2.21,557.961,232.413,17.773,8.22,17.749,8.209,557.964,295.553,557.961,295.552,326461.651,68734.351,650340.948,136925.004,32034.349,31650.795,62375.858,61634.513,3961.352,3926.272,7744.763,7676.179,32209.951,2536.561,51240.17,4035.207,170.944,20.742,43776.076,19196.54,1454.263,702.312,473050.599,51197.338,10490.815,1164.132,88616.737,36912.448,1577.478,729.575,1524.782,705.203,85689.4,45389.655,908123.54,481032.824
0.343499999999949,2.869,0.563,2.869,0.563,0.594,0.587,0.594,0.587,0.594,0.589,0.594,0.589,2.568,0.18,2.568,0.18,2.568,0.283,19.674,8.313,19.681,9.198,511.947,50.131,19.675,1.978,551.086,220.68,17.555,7.842,17.532,7.832,551.089,283.684,551.086,283.682,322494.939,63302.963,642438.902,126105.192,29220.507,28854.971,56896.869,56190.35,3613.393,3579.959,7064.476,6999.109,31827.511,2235.569,50631.777,3556.384,168.915,18.64,43239.626,18270.882,1436.442,671.355,467208.714,45750.526,10362.256,1041.553,87524.803,35048.949,1558.18,696.075,1506.129,672.823,84633.538,43566.781,896933.665,461714.281
0.358500000000276,2.834,0.519,2.834,0.519,0.538,0.531,0.538,0.531,0.538,0.533,0.538,0.533,2.523,0.158,2.523,0.158,2.523,0.253,19.347,7.879,19.354,8.756,503.391,44.629,19.348,1.763,541.971,208.697,17.266,7.452,17.244,7.442,541.973,271.178,541.97,271.176,318509.73,58310.159,634500.005,116159.076,26487.8,26142.375,51575.865,50908.215,3275.468,3243.871,6403.805,6342.03,31271.616,1960.648,49747.45,3119.034,165.965,16.667,42520.814,17317.087,1412.563,639.058,459400.196,40729.069,10189.995,928.356,86077.043,33145.774,1532.536,661.421,1481.342,639.326,83233.602,41646.14,882097.353,441359.609
0.372999999999593,2.762,0.472,2.762,0.472,0.491,0.484,0.491,0.484,0.491,0.486,0.491,0.486,2.446,0.137,2.446,0.137,2.446,0.224,18.772,7.369,18.778,8.224,488.393,39.202,18.772,1.55,525.903,194.735,16.756,6.986,16.734,6.977,525.906,255.769,525.903,255.767,310398.396,53005.262,618341.501,105591.246,24136.046,23808.435,46996.634,46363.415,2984.652,2954.682,5835.235,5776.642,30316.711,1696.587,48228.37,2698.96,160.897,14.704,41256.654,16194.329,1370.567,600.208,445713.028,35776.286,9887.043,816.43,83525.182,30928.303,1487.193,620.104,1437.513,599.389,80766.038,39279.742,855946.483,416280.875
0.387500000000728,2.654,0.423,2.654,0.423,0.431,0.425,0.431,0.425,0.431,0.426,0.431,0.426,2.343,0.117,2.343,0.117,2.343,0.195,17.987,6.805,17.993,7.627,467.922,34.005,17.987,1.346,503.929,179.434,16.057,6.468,16.036,6.46,503.931,238.218,503.928,238.217,298269.342,47506.309,594179.335,94636.837,21196.545,20897.592,41272.968,40695.14,2621.154,2593.804,5124.568,5071.097,29031.078,1450.133,46183.162,2306.898,154.074,12.813,39530.654,14955.427,1313.228,556.687,427030.529,31033.146,9473.412,709.041,80035.176,28498.183,1425.164,574.105,1377.555,554.927,77391.321,36584.383,820181.724,387715.856
0.402500000000146,2.558,0.38,2.558,0.38,0.385,0.379,0.385,0.379,0.385,0.381,0.385,0.381,2.255,0.1,2.255,0.1,2.255,0.171,17.313,6.312,17.319,7.106,450.372,29.619,17.314,1.174,485.058,166.054,15.456,6.014,15.436,6.007,485.061,222.847,485.058,222.845,287541.065,42704.469,572807.642,85071.14,18927.104,18650.076,36854.013,36318.561,2340.516,2315.17,4575.899,4526.345,27942.525,1245.165,44451.472,1980.832,148.296,11.218,38050.531,13872.263,1264.058,518.611,411014.092,27030.32,9118.704,618.32,77038.087,26373.095,1371.881,533.831,1326.053,515.998,74493.237,34223.714,789468.258,362697.841
0.417499999999563,2.518,0.349,2.518,0.349,0.344,0.338,0.344,0.338,0.344,0.34,0.344,0.34,2.216,0.088,2.216,0.088,2.216,0.153,17.02,5.98,17.025,6.761,442.703,26.355,17.02,1.046,476.838,156.963,15.196,5.712,15.176,5.705,476.841,212.926,476.838,212.924,282956.396,39189.506,563674.569,78069.018,16899.383,16643.083,32905.725,32410.337,2089.769,2066.318,4085.668,4039.819,27460.313,1092.076,43684.361,1737.294,145.737,10.031,37405.539,13142.986,1242.631,493.474,404015.36,24052.149,8964.134,550.853,75732.593,24929.279,1348.732,507.013,1303.676,490.076,73230.867,32700.094,776089.857,346550.74
0.432000000000698,2.407,0.311,2.407,0.311,0.297,0.292,0.297,0.292,0.297,0.293,0.297,0.293,2.11,0.075,2.11,0.075,2.11,0.132,16.214,5.491,16.22,6.235,421.725,22.732,16.215,0.903,454.302,143.808,14.478,5.258,14.459,5.251,454.304,197.185,454.301,197.184,270464.896,34940.745,538790.379,69605.104,14592.097,14363.023,28413.081,27970.315,1804.452,1783.49,3527.848,3486.867,26146.835,928.243,41594.857,1476.666,138.766,8.692,35635.658,12068.437,1183.835,455.085,384870.983,20745.886,8539.986,475.697,72153.306,22839.867,1285.075,466.727,1242.146,451.135,69769.817,30282.75,739410.16,320932.085
0.446500000000015,2.338,0.282,2.338,0.282,0.256,0.251,0.256,0.251,0.256,0.253,0.256,0.253,2.032,0.064,2.032,0.064,2.032,0.116,15.642,5.105,15.647,5.822,406.796,19.848,15.642,0.79,438.344,133.417,13.971,4.902,13.952,4.895,438.347,184.919,438.344,184.918,262772.731,31657.793,523466.895,63065.169,12574.094,12370.032,24483.716,24089.293,1554.906,1536.232,3039.967,3003.458,25181.691,797.759,40059.488,1269.09,133.644,7.617,34376.747,11219.96,1142.013,424.923,371246.662,18113.856,8238.292,415.842,69618.895,21189.671,1240.024,435.071,1198.599,420.537,67319.127,28398.954,713438.115,300967.895
0.461499999999432,2.268,0.255,2.268,0.255,0.22,0.217,0.22,0.217,0.22,0.218,0.22,0.218,1.962,0.055,1.962,0.055,1.962,0.102,15.114,4.754,15.119,5.445,393.051,17.361,15.114,0.691,423.593,123.973,13.501,4.576,13.484,4.57,423.595,173.687,423.592,173.686,254907.258,28643,507798.165,57059.43,10836.189,10654.598,21099.745,20748.755,1339.998,1323.379,2619.804,2587.313,24320.055,687.62,38688.782,1093.879,129.071,6.693,33217.461,10448.972,1103.501,397.437,358702.753,15844.149,7960.472,364.168,67276.002,19689.697,1198.369,406.197,1158.336,392.627,65053.629,26673.962,689428.696,282686.686
0.476500000000669,2.194,0.23,2.194,0.23,0.189,0.186,0.189,0.186,0.189,0.187,0.189,0.187,1.893,0.048,1.893,0.048,1.893,0.089,14.591,4.423,14.595,5.088,379.412,15.17,14.591,0.605,408.945,115.083,13.035,4.268,13.018,4.263,408.947,162.976,408.945,162.975,246593.536,25841.276,491236.485,51478.145,9301.526,9140.709,18111.516,17800.68,1150.222,1135.503,2248.777,2220.001,23463.077,592.024,37325.486,941.803,124.523,5.876,32066.797,9721.434,1065.276,371.365,346255.659,13844.659,7684.719,318.587,64949.608,18277.754,1156.997,378.862,1118.346,366.205,62804.083,25029.121,665588.351,265254.908
0.490999999999985,2.102,0.205,2.102,0.205,0.158,0.156,0.158,0.156,0.158,0.156,0.158,0.156,1.806,0.041,1.806,0.041,1.806,0.078,13.925,4.069,13.93,4.701,362.085,13.108,13.925,0.523,390.32,105.625,12.442,3.936,12.426,3.931,390.322,151.198,390.32,151.197,236207.115,23087.186,470545.8,45991.749,7794.006,7655.152,15176.142,14907.755,963.803,951.094,1884.313,1859.465,22381.45,504.086,35604.813,801.909,118.783,5.1,30604.206,8942.385,1016.688,343.081,330442.581,11962.288,7334.213,275.595,61991.549,16775.599,1104.366,349.375,1067.472,337.704,59943.74,23220.219,635274.856,246084.433
0.505499999999302,2.001,0.182,2.001,0.182,0.13,0.127,0.13,0.127,0.13,0.128,0.13,0.128,1.71,0.034,1.71,0.034,1.71,0.067,13.201,3.717,13.205,4.313,343.238,11.243,13.201,0.449,370.063,96.277,11.797,3.605,11.782,3.6,370.065,139.314,370.063,139.313,224872.609,20492.26,447966.446,40822.424,6382.319,6265.209,12427.366,12201.008,789.234,778.514,1543.017,1522.059,21195.774,425.84,33718.619,677.434,112.49,4.393,29012.931,8169.038,963.825,314.774,313242.449,10260.936,6952.869,236.678,58774.274,15291.008,1047.109,319.976,1012.128,309.287,56832.744,21395.195,602304.98,226743.101
0.520500000000538,1.908,0.162,1.908,0.162,0.107,0.105,0.107,0.105,0.107,0.105,0.107,0.105,1.615,0.029,1.615,0.029,1.615,0.057,12.488,3.39,12.492,3.95,324.687,9.634,12.488,0.385,350.175,87.621,11.164,3.296,11.149,3.292,350.177,128.152,350.175,128.151,214380.17,18227.611,427064.564,36311.038,5262.924,5163.586,10247.731,10055.723,650.811,641.717,1272.387,1254.608,20013.506,359.08,31837.846,571.231,106.216,3.777,27446.215,7449.54,911.778,288.285,296312.792,8791.791,6577.409,203.027,55615.646,13916.173,990.881,292.58,957.778,282.805,53778.457,19680.903,569936.099,208575.292
0.534999999999854,1.817,0.144,1.817,0.144,0.088,0.086,0.088,0.086,0.088,0.087,0.088,0.087,1.534,0.025,1.534,0.025,1.534,0.05,11.868,3.104,11.872,3.633,308.56,8.282,11.869,0.332,332.806,80.051,10.61,3.026,10.597,3.022,332.808,118.356,332.806,118.355,204193.649,16183.698,406772.1,32239.382,4331.387,4247.343,8433.884,8271.437,535.617,527.923,1047.175,1032.132,19016.077,304.251,30251.118,484.008,100.922,3.263,26084.138,6821.587,866.529,265.135,281595.195,7558.199,6250.991,174.744,52857.019,12713.953,941.77,268.579,910.308,259.606,51110.957,18176.528,541666.333,192632.143
0.54950000000008,1.706,0.126,1.706,0.126,0.068,0.067,0.068,0.067,0.068,0.067,0.068,0.067,1.437,0.021,1.437,0.021,1.437,0.042,11.119,2.803,11.123,3.295,289.068,7.026,11.12,0.282,311.815,72.131,9.942,2.739,9.929,2.736,311.817,107.794,311.815,107.793,191702.713,14174.645,381889.031,28237.166,3365.122,3298.05,6552.416,6422.773,416.129,409.988,813.566,801.561,17806.533,254.37,28326.953,404.656,94.503,2.781,24437.594,6160.361,811.83,240.467,263806.835,6412.427,5856.402,148.427,49523.251,11455.942,882.412,243.146,852.932,235.023,47887.316,16554.439,507502.666,175441.486
0.564500000000407,1.6,0.11,1.6,0.11,0.053,0.052,0.053,0.052,0.053,0.052,0.053,0.052,1.349,0.017,1.349,0.017,1.349,0.036,10.437,2.536,10.441,2.993,271.333,5.969,10.438,0.24,292.689,65.099,9.332,2.484,9.32,2.481,292.691,98.34,292.689,98.339,179868.817,12402.121,358314.847,24706.14,2586.688,2533.756,5036.683,4934.372,319.869,315.022,625.369,615.893,16718.307,213.099,26595.784,339.002,88.727,2.375,22939.226,5572.801,762.053,218.475,247621.15,5447.764,5497.322,126.245,46485.634,10339.18,828.32,220.485,800.648,213.119,44950.043,15102.543,476373.876,160054.507
0.579499999999825,1.524,0.098,1.524,0.098,0.041,0.04,0.041,0.04,0.041,0.04,0.041,0.04,1.279,0.015,1.279,0.015,1.279,0.031,9.904,2.319,9.907,2.749,257.446,5.126,9.904,0.206,277.756,59.396,8.856,2.277,8.845,2.274,277.757,90.698,277.756,90.697,171295.884,11013.267,341236.796,21939.418,2019.848,1977.452,3932.958,3851.01,249.773,245.891,488.327,480.737,15851.606,180.262,25217.021,286.764,84.128,2.049,21765.98,5095.665,723.077,200.637,234948.296,4677.86,5216.157,108.529,44113.863,9433.391,786.083,202.123,759.822,195.37,42656.619,13928.925,452068.519,147616.681
0.594000000000051,1.462,0.088,1.462,0.088,0.031,0.03,0.031,0.03,0.031,0.031,0.031,0.031,1.217,0.012,1.217,0.012,1.217,0.027,9.434,2.129,9.437,2.535,245.233,4.42,9.434,0.178,264.64,54.414,8.438,2.096,8.427,2.093,264.641,83.989,264.64,83.989,164265.177,9848.762,327230.996,19619.618,1531.571,1498.618,2982.207,2918.513,189.393,186.376,370.279,364.379,15080.036,153.033,23989.592,243.448,80.033,1.773,20734.089,4678.088,688.797,184.993,223802.489,4033.412,4968.867,93.685,42030.717,8642.105,748.986,186.044,723.964,179.829,40642.288,12898.691,430720.933,136698.411
0.608500000000276,1.38,0.077,1.38,0.077,0.023,0.022,0.023,0.022,0.023,0.022,0.023,0.022,1.148,0.01,1.148,0.01,1.148,0.023,8.904,1.936,8.907,2.315,231.45,3.775,8.904,0.152,249.794,49.383,7.965,1.911,7.955,1.909,249.795,77.051,249.794,77.05,155072.385,8670.285,308918.127,17271.986,1111.283,1086.788,2163.841,2116.494,137.421,135.177,268.669,264.283,14221.36,128.771,22623.596,204.851,75.476,1.521,19569.292,4255.042,650.102,168.993,211223.534,3445.42,4689.727,80.12,39672.9,7843.157,706.989,169.644,683.37,163.976,38362.358,11833.075,406558.573,125405.171
0.623499999999694,1.323,0.069,1.323,0.069,0.016,0.016,0.016,0.016,0.016,0.016,0.016,0.016,1.086,0.009,1.086,0.009,1.086,0.02,8.444,1.77,8.447,2.126,219.484,3.242,8.444,0.131,236.964,45.052,7.556,1.752,7.546,1.75,236.965,71.05,236.963,71.05,148691.323,7755.22,296206.477,15449.095,784.774,767.06,1528.077,1493.838,97.045,95.422,189.73,186.558,13457.715,108.793,21408.776,173.07,71.423,1.31,18558.044,3889.469,616.508,155.141,200303.523,2958.741,4447.384,68.881,37635.105,7155.226,670.69,155.492,648.283,150.297,36391.879,10911.544,385675.725,115638.926
0.638500000000022,1.237,0.06,1.237,0.06,0.011,0.01,0.011,0.01,0.011,0.01,0.011,0.01,1.011,0.007,1.011,0.007,1.011,0.017,7.87,1.59,7.872,1.918,204.552,2.736,7.87,0.11,220.881,40.382,7.044,1.578,7.034,1.576,220.882,64.373,220.88,64.373,139045.041,6764.059,276990.218,13474.614,522.593,510.524,1017.57,994.242,64.624,63.518,126.344,124.183,12529.387,90.41,19931.974,143.826,66.496,1.11,17295.823,3493.762,574.576,139.959,186676.049,2496.483,4144.896,58.186,35080.791,6413.496,625.182,140.03,604.296,135.351,33921.943,9886.086,359499.716,104771.27
0.653000000000247,1.145,0.052,1.145,0.052,0.007,0.007,0.007,0.007,0.007,0.007,0.007,0.007,0.935,0.006,0.935,0.006,0.935,0.014,7.279,1.417,7.282,1.717,189.206,2.29,7.28,0.093,204.316,35.915,6.516,1.41,6.507,1.408,204.317,57.873,204.316,57.873,128720.713,5839.402,256423.227,11632.613,331.692,323.857,645.855,630.712,41.017,40.299,80.191,78.788,11589.724,74.621,18437.142,118.708,61.509,0.934,15998.529,3114.455,531.48,125.305,172671.373,2090.08,3834.003,48.769,32450.008,5704.128,578.308,125.129,558.987,120.949,31378.065,8887.881,332540.076,94192.441
0.667499999999563,1.047,0.044,1.047,0.044,0.004,0.004,0.004,0.004,0.004,0.004,0.004,0.004,0.845,0.005,0.845,0.005,0.845,0.012,6.594,1.237,6.596,1.505,171.388,1.877,6.594,0.076,185.138,31.289,5.904,1.234,5.896,1.232,185.139,50.965,185.138,50.965,117693.426,4978.572,234455.882,9917.763,187.621,183.092,365.327,356.573,23.201,22.786,45.36,44.549,10476.003,60.173,16665.414,95.724,55.598,0.768,14492.105,2718.648,481.435,109.856,156410.513,1713.295,3472.993,40.023,29404.128,4969.351,524.032,109.526,506.524,105.867,28432.802,7827.024,301326.612,82949.639
0.682499999999891,1.003,0.04,1.003,0.04,0.002,0.002,0.002,0.002,0.002,0.002,0.002,0.002,0.81,0.004,0.81,0.004,0.81,0.01,6.321,1.143,6.323,1.397,164.297,1.63,6.321,0.066,177.481,28.846,5.66,1.143,5.652,1.141,177.482,47.493,177.481,47.492,112696.258,4446.994,224501.073,8858.812,102.91,100.372,200.382,195.475,12.726,12.493,24.88,24.425,10040.867,51.493,15973.192,81.916,53.289,0.67,13892.622,2512.13,461.52,101.948,149938.981,1487.358,3329.328,34.784,28188.014,4581.38,502.363,101.448,485.58,98.059,27256.86,7293.695,288864.156,77297.497
0.697000000000116,0.925,0.034,0.925,0.034,0.001,0.001,0.001,0.001,0.001,0.001,0.001,0.001,0.743,0.003,0.743,0.003,0.743,0.008,5.801,1.011,5.803,1.241,150.766,1.353,5.801,0.055,162.896,25.454,5.195,1.013,5.188,1.012,162.897,42.362,162.896,42.362,103970.74,3825.154,207119.057,7620.051,49.681,48.43,96.737,94.318,6.144,6.029,12.011,11.787,9205.674,42.115,14644.551,66.997,48.856,0.559,12748.547,2221.412,423.514,90.542,137590.488,1235.06,3055.154,28.916,25871.501,4042.594,461.082,89.94,445.677,86.935,25016.87,6505.824,265125.077,68947.76
0.711499999999432,0.878,0.03,0.878,0.03,0,0,0,0,0,0,0,0,0.697,0.003,0.697,0.003,0.697,0.007,5.458,0.917,5.46,1.13,141.866,1.153,5.458,0.047,153.33,23.039,4.89,0.921,4.883,0.92,153.33,38.758,153.33,38.758,98627.673,3384.28,196475.189,6741.79,20.302,19.78,39.531,38.523,2.511,2.463,4.908,4.815,8642.891,35.293,13749.267,56.144,45.87,0.477,11996.016,2014.641,398.514,82.469,129468.201,1052.153,2874.812,24.661,24352.192,3659.065,434.006,81.789,419.506,79.057,23547.749,5952.227,249555.549,63080.816
0.726500000000669,0.794,0.025,0.794,0.025,0,0,0,0,0,0,0,0,0.631,0.002,0.631,0.002,0.631,0.006,4.934,0.799,4.936,0.989,128.251,0.943,4.935,0.038,138.618,20.026,4.421,0.805,4.415,0.804,138.619,34.055,138.618,34.055,89257.472,2856.252,177808.905,5689.91,6.375,6.208,12.413,12.09,0.788,0.773,1.541,1.511,7814.384,28.472,12431.263,45.294,41.472,0.393,10844.764,1755.212,360.269,72.161,117042.972,860.917,2598.918,20.202,22015.701,3180.627,392.366,71.43,379.257,69.043,21288.441,5230.001,225611.736,55426.772
0.741500000000087,0.747,0.022,0.747,0.022,0,0,0,0,0,0,0,0,0.589,0.002,0.589,0.002,0.589,0.005,4.616,0.72,4.617,0.895,119.969,0.799,4.616,0.033,129.705,18.016,4.136,0.727,4.131,0.726,129.705,30.969,129.704,30.969,84001.851,2506.454,167339.236,4993.081,1.792,1.744,3.49,3.397,0.222,0.217,0.433,0.425,7295.106,23.715,11605.187,37.727,38.717,0.334,10144.464,1582.253,337.005,65.332,109484.855,728.853,2431.093,17.122,20599.974,2861.422,367.135,64.563,354.869,62.406,19919.481,4756.133,211103.704,50404.796
0.755999999999403,0.696,0.019,0.696,0.019,0,0,0,0,0,0,0,0,0.548,0.002,0.548,0.002,0.548,0.004,4.3,0.647,4.301,0.807,111.753,0.674,4.3,0.027,120.83,16.143,3.853,0.655,3.848,0.654,120.831,28.047,120.83,28.047,78261.64,2178.985,155904.219,4340.734,0.258,0.251,0.502,0.488,0.032,0.031,0.062,0.061,6792.749,19.724,10806.028,31.377,36.05,0.283,9449.737,1420.88,313.925,58.921,101986.936,615.058,2264.603,14.465,19190.584,2563.905,342.017,58.12,330.59,56.178,18556.648,4307.372,196660.604,45648.884
0.770500000000538,0.622,0.016,0.622,0.016,0,0,0,0,0,0,0,0,0.482,0.001,0.482,0.001,0.482,0.003,3.79,0.549,3.791,0.689,98.5,0.538,3.79,0.022,106.552,13.688,3.398,0.558,3.394,0.557,106.552,24.04,106.552,24.039,69856.064,1814.04,139159.558,3613.731,0,0,0,0,0,0,0,0,5968.969,15.468,9495.544,24.607,31.678,0.226,8329.121,1207.024,276.698,50.27,89892.607,490.768,1996.051,11.555,16922.782,2174.03,301.6,49.514,291.523,47.859,16363.76,3691.873,173420.696,39125.922
0.785499999999956,0.571,0.014,0.571,0.014,0,0,0,0,0,0,0,0,0.446,0.001,0.446,0.001,0.446,0.003,3.505,0.489,3.507,0.616,91.107,0.45,3.505,0.018,98.53,12.168,3.142,0.498,3.138,0.498,98.531,21.602,98.53,21.602,64172.647,1553.374,127837.68,3094.46,0,0,0,0,0,0,0,0,5529.342,12.778,8796.176,20.328,29.345,0.19,7703.926,1075.708,255.929,44.996,83145.149,410.644,1846.225,9.679,15648.846,1932.569,278.896,44.222,269.577,42.745,15131.906,3317.571,160365.698,35159.129
0.800499999999374,0.53,0.012,0.53,0.012,0,0,0,0,0,0,0,0,0.407,0.001,0.407,0.001,0.407,0.002,3.207,0.432,3.208,0.546,83.358,0.373,3.207,0.015,90.204,10.713,2.877,0.441,2.873,0.44,90.204,19.223,90.204,19.223,59557.453,1344.707,118643.8,2678.777,0,0,0,0,0,0,0,0,5038.432,10.395,8015.228,16.536,26.74,0.158,7048.721,948.653,234.162,39.853,76073.809,340.206,1689.207,8.028,14326.398,1701.403,255.327,39.115,246.796,37.808,13853.144,2952.249,146813.562,31287.496
0.815000000000509,0.459,0.01,0.459,0.01,0,0,0,0,0,0,0,0,0.347,0.001,0.347,0.001,0.347,0.002,2.744,0.356,2.745,0.452,71.31,0.289,2.744,0.012,77.195,8.816,2.462,0.364,2.459,0.364,77.196,15.991,77.195,15.991,51579.297,1086.581,102750.595,2164.566,0,0,0,0,0,0,0,0,4299.696,7.919,6840.033,12.598,22.819,0.123,6029.933,782.237,200.318,33.003,65078.47,263.548,1445.057,6.226,12260.349,1400.255,218.506,32.342,211.205,31.262,11855.345,2455.89,125641.185,26027.161
0.829499999999825,0.414,0.008,0.414,0.008,0,0,0,0,0,0,0,0,0.31,0.001,0.31,0.001,0.31,0.002,2.458,0.307,2.459,0.392,63.891,0.234,2.458,0.01,69.189,7.597,2.206,0.315,2.204,0.315,69.19,13.929,69.189,13.929,46576.709,914.619,92784.991,1822.003,0,0,0,0,0,0,0,0,3841.922,6.312,6111.798,10.042,20.39,0.1,5402.607,675.354,179.478,28.618,58308.002,213.662,1294.72,5.053,10988.828,1206.569,195.844,28,189.301,27.065,10625.826,2139.181,112610.929,22670.726
0.844500000000153,0.378,0.007,0.378,0.007,0,0,0,0,0,0,0,0,0.281,0,0.281,0,0.281,0.001,2.235,0.269,2.236,0.345,58.086,0.193,2.235,0.008,62.915,6.643,2.006,0.277,2.004,0.277,62.916,12.312,62.915,12.312,42500.508,778.621,84664.831,1551.083,0,0,0,0,0,0,0,0,3487.652,5.115,5548.219,8.138,18.51,0.082,4911.718,591.812,163.17,25.186,53010.053,175.895,1177.08,4.165,9992.344,1055.103,178.085,24.6,172.134,23.778,9662.26,1890.813,102399.201,20038.555
0.859000000000378,0.319,0.005,0.319,0.005,0,0,0,0,0,0,0,0,0.239,0,0.239,0,0.239,0.001,1.895,0.22,1.896,0.283,49.263,0.148,1.895,0.006,53.352,5.415,1.701,0.227,1.699,0.227,53.353,10.146,53.352,10.146,35867.535,612.555,71451.354,1220.264,0,0,0,0,0,0,0,0,2961.439,3.873,4711.11,6.161,15.717,0.064,4165.655,483.604,138.385,20.671,44958.113,134.945,998.288,3.199,8473.53,860.086,151.017,20.148,145.97,19.475,8193.618,1558.124,86834.742,16512.766
0.873499999999694,0.28,0.004,0.28,0.004,0,0,0,0,0,0,0,0,0.205,0,0.205,0,0.205,0.001,1.633,0.183,1.634,0.236,42.455,0.115,1.633,0.005,46.003,4.49,1.467,0.189,1.465,0.189,46.003,8.503,46.003,8.503,31480.804,501.32,62712.592,998.675,0,0,0,0,0,0,0,0,2542.921,2.968,4045.324,4.722,13.496,0.05,3589.941,401.658,119.26,17.242,38744.688,105.269,860.32,2.498,7306.275,713.074,130.214,16.783,125.863,16.222,7064.922,1305.782,74872.995,13838.484
0.888500000000022,0.233,0.003,0.233,0.003,0,0,0,0,0,0,0,0,0.171,0,0.171,0,0.171,0.001,1.364,0.147,1.364,0.191,35.439,0.087,1.364,0.004,38.397,3.605,1.225,0.153,1.223,0.152,38.397,6.9,38.397,6.9,26160.779,388.852,52114.623,774.628,0,0,0,0,0,0,0,0,2124.463,2.216,3379.634,3.525,11.275,0.038,2996.684,323.271,99.552,13.937,32341.92,79.637,718.147,1.892,6098.333,572.556,108.685,13.538,105.054,13.086,5896.882,1059.677,62494.284,11230.297
0.903500000000349,0.212,0.003,0.212,0.003,0,0,0,0,0,0,0,0,0.154,0,0.154,0,0.154,0,1.231,0.128,1.231,0.167,31.991,0.071,1.231,0.003,34.681,3.131,1.106,0.133,1.105,0.133,34.682,6.057,34.681,6.057,23858.276,330.651,47527.829,658.686,0,0,0,0,0,0,0,0,1909.304,1.776,3037.355,2.826,10.133,0.031,2705.112,281.207,89.865,12.176,29195.109,65.053,648.273,1.547,5508.183,497.195,98.168,11.811,94.887,11.417,5326.227,930.19,56446.566,9858.017
0.917999999999665,0.185,0.002,0.185,0.002,0,0,0,0,0,0,0,0,0.132,0,0.132,0,0.132,0,1.057,0.106,1.057,0.139,27.46,0.055,1.057,0.002,29.783,2.584,0.95,0.11,0.949,0.11,29.783,5.055,29.783,5.055,20766.589,268.279,41368.912,534.435,0,0,0,0,0,0,0,0,1633.175,1.355,2598.085,2.156,8.668,0.024,2322.031,232.586,77.139,10.115,25060.68,50.519,556.468,1.203,4730.207,410.457,84.303,9.797,81.485,9.47,4573.951,776.271,48474.055,8226.808
0.932499999999891,0.161,0.002,0.161,0.002,0,0,0,0,0,0,0,0,0.11,0,0.11,0,0.11,0,0.893,0.086,0.894,0.113,23.219,0.042,0.893,0.002,25.215,2.105,0.804,0.09,0.803,0.09,25.215,4.16,25.215,4.16,18138.37,218.686,36133.263,435.642,0,0,0,0,0,0,0,0,1367.246,1.014,2175.04,1.612,7.256,0.018,1963.411,189.607,65.226,8.281,21190.253,38.706,470.526,0.923,4004.68,334.266,71.372,8.016,68.987,7.748,3872.391,638.949,41039.021,6771.488
0.947500000000218,0.14,0.002,0.14,0.002,0,0,0,0,0,0,0,0,0.094,0,0.094,0,0.094,0,0.765,0.071,0.766,0.094,19.89,0.033,0.765,0.001,21.607,1.734,0.689,0.075,0.688,0.075,21.608,3.466,21.607,3.466,15689.596,176.442,31255.085,351.487,0,0,0,0,0,0,0,0,1169.138,0.774,1859.886,1.231,6.205,0.014,1681.887,156.553,55.873,6.867,18151.882,30.023,403.06,0.716,3431.752,275.464,61.161,6.636,59.117,6.415,3318.388,532.227,35167.787,5640.463
0.962499999999636,0.106,0.001,0.106,0.001,0,0,0,0,0,0,0,0,0.073,0,0.073,0,0.073,0,0.588,0.053,0.588,0.07,15.281,0.023,0.588,0.001,16.597,1.281,0.529,0.055,0.529,0.055,16.597,2.588,16.597,2.588,11953.613,125.388,23812.671,249.785,0,0,0,0,0,0,0,0,898.866,0.531,1429.932,0.845,4.77,0.01,1292.179,115.935,42.927,5.107,13945.931,20.888,309.667,0.499,2636.028,203.483,46.98,4.925,45.41,4.761,2548.951,397.391,27013.401,4211.493
0.977000000000771,0.083,0.001,0.083,0.001,0,0,0,0,0,0,0,0,0.056,0,0.056,0,0.056,0,0.453,0.039,0.453,0.052,11.782,0.016,0.453,0.001,12.801,0.95,0.408,0.041,0.408,0.041,12.801,1.939,12.801,1.939,9330.468,91.279,18587.13,181.837,0,0,0,0,0,0,0,0,691.262,0.364,1099.672,0.579,3.669,0.007,996.238,86.123,33.096,3.81,10751.963,14.568,238.746,0.348,2033.11,150.869,36.234,3.669,35.024,3.546,1965.948,297.847,20834.829,3156.537
0.991500000000087,0.065,0.001,0.065,0.001,0,0,0,0,0,0,0,0,0.045,0,0.045,0,0.045,0,0.361,0.03,0.361,0.04,9.381,0.011,0.361,0,10.188,0.726,0.325,0.032,0.324,0.032,10.189,1.499,10.188,1.499,7304.398,66.499,14551.017,132.471,0,0,0,0,0,0,0,0,552.498,0.259,878.923,0.412,2.932,0.005,793.287,66.026,26.353,2.934,8561.604,10.472,190.109,0.251,1618.159,115.336,28.839,2.818,27.875,2.724,1564.705,230.228,16582.512,2439.925
1.00649999999951,0.056,0,0.056,0,0,0,0,0,0,0,0,0,0.037,0,0.037,0,0.037,0,0.304,0.024,0.304,0.033,7.907,0.009,0.304,0,8.596,0.59,0.274,0.026,0.274,0.026,8.596,1.231,8.596,1.231,6337.81,53.946,12625.487,107.465,0,0,0,0,0,0,0,0,461.622,0.194,734.357,0.309,2.45,0.004,668.597,53.714,22.211,2.397,7215.881,8.023,160.227,0.192,1365.304,93.723,24.333,2.301,23.519,2.224,1320.203,189.026,13991.318,2003.268
1.02100000000064,0.04,0,0.04,0,0,0,0,0,0,0,0,0,0.027,0,0.027,0,0.027,0,0.217,0.017,0.217,0.023,5.634,0.006,0.217,0,6.125,0.404,0.195,0.018,0.195,0.018,6.125,0.853,6.125,0.853,4517.21,35.902,8998.688,71.521,0,0,0,0,0,0,0,0,328.495,0.123,522.576,0.196,1.743,0.003,476.412,36.897,15.827,1.654,5141.713,5.179,114.171,0.124,972.797,64.23,17.337,1.584,16.758,1.531,940.662,130.933,9968.999,1387.611
1.03549999999996,0.025,0,0.025,0,0,0,0,0,0,0,0,0,0.017,0,0.017,0,0.017,0,0.135,0.01,0.135,0.014,3.517,0.003,0.135,0,3.826,0.243,0.122,0.011,0.122,0.011,3.826,0.517,3.826,0.517,2845.123,21.042,5667.74,41.919,0,0,0,0,0,0,0,0,204.711,0.068,325.658,0.109,1.086,0.001,297.419,22.183,9.88,0.999,3209.918,2.921,71.276,0.07,607.615,38.545,10.829,0.955,10.467,0.923,587.544,79.442,6226.699,841.913
1.05049999999937,0.027,0,0.027,0,0,0,0,0,0,0,0,0,0.016,0,0.016,0,0.016,0,0.136,0.01,0.136,0.013,3.526,0.003,0.136,0,3.845,0.234,0.123,0.01,0.122,0.01,3.845,0.505,3.845,0.505,3029.249,20.826,6034.536,41.487,0,0,0,0,0,0,0,0,201.685,0.06,320.844,0.095,1.07,0.001,298.192,21.399,9.906,0.968,3218.263,2.639,71.461,0.063,610.665,37.183,10.883,0.926,10.52,0.895,590.493,77.501,6257.955,821.345
1.06550000000061,0.023,0,0.023,0,0,0,0,0,0,0,0,0,0.014,0,0.014,0,0.014,0,0.116,0.008,0.116,0.011,3.021,0.002,0.116,0,3.292,0.193,0.105,0.009,0.105,0.009,3.292,0.42,3.292,0.42,2556.734,16.457,5093.245,32.784,0,0,0,0,0,0,0,0,173.17,0.046,275.482,0.073,0.919,0.001,255.435,17.696,8.486,0.803,2756.799,2.055,61.214,0.049,522.851,30.666,9.318,0.767,9.007,0.741,505.579,64.578,5358.052,684.383
1.07999999999993,0.02,0,0.02,0,0,0,0,0,0,0,0,0,0.012,0,0.012,0,0.012,0,0.098,0.007,0.099,0.009,2.56,0.002,0.099,0,2.795,0.158,0.089,0.007,0.089,0.007,2.795,0.347,2.795,0.347,2269.339,13.62,4520.728,27.131,0,0,0,0,0,0,0,0,144.632,0.034,230.083,0.055,0.768,0.001,216.479,14.456,7.192,0.659,2336.366,1.578,51.879,0.038,443.886,25.038,7.911,0.629,7.647,0.608,429.223,53.294,4548.84,564.799
1.09450000000015,0.014,0,0.014,0,0,0,0,0,0,0,0,0,0.008,0,0.008,0,0.008,0,0.067,0.004,0.067,0.006,1.731,0.001,0.067,0,1.89,0.102,0.06,0.005,0.06,0.005,1.89,0.228,1.89,0.228,1522.42,8.518,3032.797,16.969,0,0,0,0,0,0,0,0,97.78,0.021,155.551,0.033,0.519,0,146.363,9.419,4.862,0.431,1579.636,0.965,35.076,0.023,300.119,16.275,5.349,0.411,5.17,0.397,290.205,35.019,3075.546,371.123
1.10950000000048,0.007,0,0.007,0,0,0,0,0,0,0,0,0,0.004,0,0.004,0,0.004,0,0.036,0.002,0.036,0.003,0.938,0.001,0.036,0,1.024,0.054,0.033,0.002,0.033,0.002,1.024,0.12,1.024,0.12,839.468,4.408,1672.296,8.78,0,0,0,0,0,0,0,0,53.192,0.01,84.618,0.016,0.282,0,79.301,4.933,2.634,0.227,855.865,0.477,19.004,0.012,162.57,8.504,2.897,0.216,2.801,0.208,157.2,18.48,1665.982,195.847
1.1244999999999,0.004,0,0.004,0,0,0,0,0,0,0,0,0,0.002,0,0.002,0,0.002,0,0.02,0.001,0.02,0.002,0.514,0,0.02,0,0.561,0.028,0.018,0.001,0.018,0.001,0.561,0.064,0.561,0.064,455.672,2.213,907.74,4.408,0,0,0,0,0,0,0,0,28.949,0.005,46.052,0.008,0.154,0,43.424,2.592,1.443,0.12,468.661,0.234,10.407,0.006,89.035,4.458,1.587,0.114,1.534,0.11,86.094,9.805,912.41,103.909
1.13899999999921,0.004,0,0.004,0,0,0,0,0,0,0,0,0,0.002,0,0.002,0,0.002,0,0.021,0.001,0.021,0.002,0.539,0,0.021,0,0.59,0.028,0.019,0.001,0.019,0.001,0.59,0.065,0.59,0.065,496.633,2.253,989.337,4.488,0,0,0,0,0,0,0,0,29.828,0.004,47.451,0.007,0.158,0,45.543,2.622,1.513,0.122,491.526,0.222,10.914,0.005,93.635,4.511,1.669,0.116,1.613,0.112,90.542,10.027,959.552,106.26
1.15350000000035,0.003,0,0.003,0,0,0,0,0,0,0,0,0,0.002,0,0.002,0,0.002,0,0.013,0.001,0.013,0.001,0.34,0,0.013,0,0.372,0.017,0.012,0.001,0.012,0.001,0.372,0.04,0.372,0.04,333.189,1.406,663.743,2.8,0,0,0,0,0,0,0,0,18.897,0.003,30.062,0.004,0.1,0,28.74,1.592,0.955,0.074,310.182,0.127,6.888,0.003,59.134,2.735,1.054,0.07,1.019,0.068,57.181,6.147,605.995,65.15
1.16849999999977,0.002,0,0.002,0,0,0,0,0,0,0,0,0,0.001,0,0.001,0,0.001,0,0.01,0.001,0.01,0.001,0.253,0,0.01,0,0.278,0.012,0.009,0.001,0.009,0.001,0.278,0.029,0.278,0.029,240.413,0.958,478.925,1.908,0,0,0,0,0,0,0,0,13.644,0.002,21.705,0.003,0.072,0,21.408,1.15,0.711,0.054,231.052,0.087,5.13,0.002,44.116,1.975,0.786,0.051,0.76,0.049,42.659,4.479,452.091,47.469
1.18299999999999,0.002,0,0.002,0,0,0,0,0,0,0,0,0,0.001,0,0.001,0,0.001,0,0.008,0,0.008,0.001,0.197,0,0.008,0,0.215,0.009,0.007,0,0.007,0,0.215,0.022,0.215,0.022,182.747,0.676,364.047,1.346,0,0,0,0,0,0,0,0,10.933,0.001,17.393,0.002,0.058,0,16.628,0.859,0.552,0.04,179.46,0.061,3.985,0.001,34.161,1.466,0.609,0.038,0.588,0.037,33.032,3.364,350.069,35.654
1.19750000000022,0,0,0,0,0,0,0,0,0,0,0,0,0,0,0,0,0,0,0.003,0,0.003,0,0.067,0,0.003,0,0.073,0.003,0.002,0,0.002,0,0.073,0.007,0.073,0.007,55.576,0.19,110.712,0.379,0,0,0,0,0,0,0,0,3.855,0,6.133,0.001,0.02,0,5.645,0.28,0.188,0.013,60.928,0.018,1.353,0,11.528,0.474,0.205,0.012,0.199,0.012,11.148,1.1,118.14,11.657
1.21249999999964,0.001,0,0.001,0,0,0,0,0,0,0,0,0,0,0,0,0,0,0,0.003,0,0.003,0,0.09,0,0.003,0,0.098,0.004,0.003,0,0.003,0,0.098,0.009,0.098,0.009,71.073,0.228,141.584,0.455,0,0,0,0,0,0,0,0,5.158,0,8.206,0.001,0.027,0,7.583,0.364,0.252,0.017,81.837,0.023,1.817,0.001,15.496,0.615,0.276,0.016,0.267,0.016,14.984,1.442,158.798,15.278
1.22749999999996,0,0,0,0,0,0,0,0,0,0,0,0,0,0,0,0,0,0,0.001,0,0.001,0,0.029,0,0.001,0,0.033,0.001,0.001,0,0.001,0,0.033,0.003,0.033,0.003,40.72,0.123,81.117,0.244,0,0,0,0,0,0,0,0,1.471,0,2.34,0,0.008,0,2.475,0.115,0.082,0.005,26.712,0.007,0.593,0,5.179,0.199,0.092,0.005,0.089,0.005,5.008,0.471,53.074,4.99
1.24200000000019,0,0,0,0,0,0,0,0,0,0,0,0,0,0,0,0,0,0,0,0,0,0,0,0,0,0,0,0,0,0,0,0,0,0,0,0,0,0,0,0,0,0,0,0,0,0,0,0,0,0,0,0,0,0,0,0,0,0,0,0,0,0,0,0,0,0,0,0,0,0,0,0
1.25649999999951,0,0,0,0,0,0,0,0,0,0,0,0,0,0,0,0,0,0,0,0,0,0,0,0,0,0,0,0,0,0,0,0,0,0,0,0,0,0,0,0,0,0,0,0,0,0,0,0,0,0,0,0,0,0,0,0,0,0,0,0,0,0,0,0,0,0,0,0,0,0,0,0
1.27150000000074,0,0,0,0,0,0,0,0,0,0,0,0,0,0,0,0,0,0,0,0,0,0,0,0,0,0,0,0,0,0,0,0,0,0,0,0,0,0,0,0,0,0,0,0,0,0,0,0,0,0,0,0,0,0,0,0,0,0,0,0,0,0,0,0,0,0,0,0,0,0,0,0
1.28650000000016,0,0,0,0,0,0,0,0,0,0,0,0,0,0,0,0,0,0,0,0,0,0,0,0,0,0,0,0,0,0,0,0,0,0,0,0,0,0,0,0,0,0,0,0,0,0,0,0,0,0,0,0,0,0,0,0,0,0,0,0,0,0,0,0,0,0,0,0,0,0,0,0
1.30099999999948,0,0,0,0,0,0,0,0,0,0,0,0,0,0,0,0,0,0,0,0,0,0,0,0,0,0,0,0,0,0,0,0,0,0,0,0,0,0,0,0,0,0,0,0,0,0,0,0,0,0,0,0,0,0,0,0,0,0,0,0,0,0,0,0,0,0,0,0,0,0,0,0
1.31550000000061,0,0,0,0,0,0,0,0,0,0,0,0,0,0,0,0,0,0,0,0,0,0,0,0,0,0,0,0,0,0,0,0,0,0,0,0,0,0,0,0,0,0,0,0,0,0,0,0,0,0,0,0,0,0,0,0,0,0,0,0,0,0,0,0,0,0,0,0,0,0,0,0
1.33050000000003,0,0,0,0,0,0,0,0,0,0,0,0,0,0,0,0,0,0,0,0,0,0,0,0,0,0,0,0,0,0,0,0,0,0,0,0,0,0,0,0,0,0,0,0,0,0,0,0,0,0,0,0,0,0,0,0,0,0,0,0,0,0,0,0,0,0,0,0,0,0,0,0
1.34499999999935,0,0,0,0,0,0,0,0,0,0,0,0,0,0,0,0,0,0,0,0,0,0,0,0,0,0,0,0,0,0,0,0,0,0,0,0,0,0,0,0,0,0,0,0,0,0,0,0,0,0,0,0,0,0,0,0,0,0,0,0,0,0,0,0,0,0,0,0,0,0,0,0
1.35950000000048,0,0,0,0,0,0,0,0,0,0,0,0,0,0,0,0,0,0,0,0,0,0,0,0,0,0,0,0,0,0,0,0,0,0,0,0,0,0,0,0,0,0,0,0,0,0,0,0,0,0,0,0,0,0,0,0,0,0,0,0,0,0,0,0,0,0,0,0,0,0,0,0
1.3744999999999,0,0,0,0,0,0,0,0,0,0,0,0,0,0,0,0,0,0,0,0,0,0,0,0,0,0,0,0,0,0,0,0,0,0,0,0,0,0,0,0,0,0,0,0,0,0,0,0,0,0,0,0,0,0,0,0,0,0,0,0,0,0,0,0,0,0,0,0,0,0,0,0
1.38949999999932,0,0,0,0,0,0,0,0,0,0,0,0,0,0,0,0,0,0,0,0,0,0,0,0,0,0,0,0,0,0,0,0,0,0,0,0,0,0,0,0,0,0,0,0,0,0,0,0,0,0,0,0,0,0,0,0,0,0,0,0,0,0,0,0,0,0,0,0,0,0,0,0
1.40400000000045,0,0,0,0,0,0,0,0,0,0,0,0,0,0,0,0,0,0,0,0,0,0,0,0,0,0,0,0,0,0,0,0,0,0,0,0,0,0,0,0,0,0,0,0,0,0,0,0,0,0,0,0,0,0,0,0,0,0,0,0,0,0,0,0,0,0,0,0,0,0,0,0
1.41849999999977,0,0,0,0,0,0,0,0,0,0,0,0,0,0,0,0,0,0,0,0,0,0,0,0,0,0,0,0,0,0,0,0,0,0,0,0,0,0,0,0,0,0,0,0,0,0,0,0,0,0,0,0,0,0,0,0,0,0,0,0,0,0,0,0,0,0,0,0,0,0,0,0
1.43350000000009,0,0,0,0,0,0,0,0,0,0,0,0,0,0,0,0,0,0,0,0,0,0,0,0,0,0,0,0,0,0,0,0,0,0,0,0,0,0,0,0,0,0,0,0,0,0,0,0,0,0,0,0,0,0,0,0,0,0,0,0,0,0,0,0,0,0,0,0,0,0,0,0
1.44850000000042,0,0,0,0,0,0,0,0,0,0,0,0,0,0,0,0,0,0,0,0,0,0,0,0,0,0,0,0,0,0,0,0,0,0,0,0,0,0,0,0,0,0,0,0,0,0,0,0,0,0,0,0,0,0,0,0,0,0,0,0,0,0,0,0,0,0,0,0,0,0,0,0
1.46299999999974,0,0,0,0,0,0,0,0,0,0,0,0,0,0,0,0,0,0,0,0,0,0,0,0,0,0,0,0,0,0,0,0,0,0,0,0,0,0,0,0,0,0,0,0,0,0,0,0,0,0,0,0,0,0,0,0,0,0,0,0,0,0,0,0,0,0,0,0,0,0,0,0
1.47749999999996,0,0,0,0,0,0,0,0,0,0,0,0,0,0,0,0,0,0,0,0,0,0,0,0,0,0,0,0,0,0,0,0,0,0,0,0,0,0,0,0,0,0,0,0,0,0,0,0,0,0,0,0,0,0,0,0,0,0,0,0,0,0,0,0,0,0,0,0,0,0,0,0
